﻿{"cameraMode":{"drawMode":0,"name":"Shaded","section":"Shading Mode"},"sceneLighting":false,"audioPlay":false,"sceneViewState":{"showFog":true,"showMaterialUpdate":true,"showSkybox":false,"showFlares":true,"showImageEffects":true,"showParticleSystems":true},"in2DMode":false,"pivot":{"x":619.8907470703125,"y":380.8181457519531,"z":-24.10821533203125},"rotation":{"x":-0.0006253470201045275,"y":0.9965536594390869,"z":-0.08330383896827698,"w":-0.007180347107350826},"size":1042.7747802734375,"orthographic":false}