﻿{"cameraMode":{"drawMode":0,"name":"Shaded","section":"Shading Mode"},"sceneLighting":false,"audioPlay":false,"sceneViewState":{"showFog":true,"showMaterialUpdate":true,"showSkybox":false,"showFlares":true,"showImageEffects":true,"showParticleSystems":true},"in2DMode":false,"pivot":{"x":1.4901161193847657e-8,"y":0.0,"z":-2.9802322387695315e-8},"rotation":{"x":0.062283363193273547,"y":0.48694777488708498,"z":-0.0347866415977478,"w":0.8705392479896545},"size":0.8167084455490112,"orthographic":false}